{
    "avg_package_size": 5.44,
    "avg_delay": 9.78625,
    "bitrate": 0.5790437263166858,
    "model": "poisson"
}