time,size
0,3
3.04534,1
5.35156,1
5.46782,14
12.5485,3
19.2228,1
25.693,7
31.7254,13
50.5255,5
55.8667,8
57.7047,2
63.8021,5
67.1461,2
77.9631,15
82.2775,5
89.9886,3
116.396,2
124.126,1
133.508,3
147.641,2
156.293,2
158.829,4
159.659,5
167.522,10
173.735,2
188.739,3
198.693,4
216.971,7
218.756,1
